<?xml version="1.0" encoding="UTF-8"?>
<addon id="repository.moviedude.addon"
version="3.0.0"
name="Movie Dude"
provider-name="Nfb_Team">
<requires>
  <import addon="xbmc.python" version="3.0.1"/>
</requires>
<extension point="xbmc.python.pluginsource" library="main.py">
  <provides>video</provides>
</extension>
<extension point="xbmc.addon.metadata">
  <summary lang="en_GB">Movie Dude</summary>
  <description lang="en_GB">Best Tamil OTT Platform... Watch Live TV,Latest Movies,Web Series...</description>
  <disclaimer lang="en_GB">All content will available on open source in internet...</disclaimer>
  <license>GPL-3.0-only	</license>
  <assets>
    <icon>resources/images/icon.png</icon>
    <fanart>resources/images/fanart.jpg</fanart>
    <screenshot>resources/images/screenshot-1.jpg</screenshot>
    <screenshot>resources/images/screenshot-2.jpg</screenshot>
  </assets>
  <news>For latest addon join our Telegram @moviedude143</news>
</extension>
</addon>
